starName	date	title	thumbnail	description	threadmark
Outer Oblivia	2748	Nuclear Terrorist Attack		Outer Oblivian shipyards are attacked, apparently by terrorists in favour of Oblivian reunification	https://forums.spacebattles.com/threads/ruins-of-alien-stars-2749-ic-thread-ending-year-moving-into-year-2.861199/post-68324074
New California	2748	PSA Yields To UN Ultimatum		The PSA agrees to UN terms in order to avoid the wrath of it's combined sanction fleets.	https://forums.spacebattles.com/threads/ruins-of-alien-stars-2749-ic-thread-ending-year-moving-into-year-2.861199/post-68357221
Yamato	2748.75	Yamato Reveals Stealth Battleships		Azania punitive expedition to Yamato, triggered by the discovery of unknown stealth hulls under development, backfires after these are revealed to be stealth battleships of considerable power. Azania's fleet is put to flight.	https://forums.spacebattles.com/threads/ruins-of-alien-stars-2749-ic-thread-ending-year-moving-into-year-2.861199/post-68595838
Cyran	2748.8	Cyran Broadcast		2nd Shunay Fleet discovers an onimous broadcast when they investigate the ruins of Cyran	https://forums.spacebattles.com/threads/ruins-of-alien-stars-2749-ic-thread-ending-year-moving-into-year-2.861199/post-68616817
Praetoria	2748	The Burning of Praetoria		The sanction fleets enforcing the UN's will on Praetoria respond to Praetorian perfidy by glassing the planet.	https://forums.spacebattles.com/threads/ruins-of-alien-stars-2749-ic-thread-ending-year-moving-into-year-2.861199/post-68693758
Aldebaran	2748	The Burning of Praetoria - Aldebaran Responds		Aldebaran responds to the Burning by organising a relief effort	https://forums.spacebattles.com/threads/ruins-of-alien-stars-2749-ic-thread-ending-year-moving-into-year-2.861199/post-68702107
TORT-7	2748	The Burning of Praetoria - Escape		Praetorian leadership escape the death of their world through generous use of bribes	https://forums.spacebattles.com/threads/ruins-of-alien-stars-2749-ic-thread-ending-year-moving-into-year-2.861199/post-68704375
New California	2748.9	Outer States Compact Founded		The OSC is founded in response to the Burning of Praetoria	https://forums.spacebattles.com/threads/ruins-of-alien-stars-2749-ic-thread-ending-year-moving-into-year-2.861199/post-68705344
Byblos	2748.9	Byblos Occupied By Yamato		The Yamato Shogunate uses its overwhelming fleet advantage to conquer Byblos	https://forums.spacebattles.com/threads/ruins-of-alien-stars-2749-ic-thread-ending-year-moving-into-year-2.861199/post-68790505
TORT-14	2748.9	Oblivian Blockade Begins		Acting on intelligence that the Ascendancy mean to start a war with them, the Republic leverage fear of genetically engineered bioweapons to declare a blockade of Outer Oblivia at TORT-14.	https://forums.spacebattles.com/threads/ruins-of-alien-stars-2749-ic-thread-ending-year-moving-into-year-2.861199/post-68803237
Cyran	2748	The Battle of Sigirannus Research Complex		2nd Shunay Fleet attacks the Sigirannus Research Complex, securing several artifacts they hope to use to decifer the mysterious nature of NIGHTINGALE and Cyran itself.	https://forums.spacebattles.com/threads/ruins-of-alien-stars-2750-year-3.861199/post-68878705
Dis	2748	The Cymbeline		A new Praetorian bioweapon is revealed as the Cymbeline crashes into a refugee station in Dis. Freehold and Golden Lion forces breach it to secure intel.	https://forums.spacebattles.com/threads/ruins-of-alien-stars-2750-year-3.861199/post-68932444
New Bangkok	2748.9	New Wat Arun Compromise Formed		At New Bangkok, a new clique has united feuding factions of Praetorian colonial elites, military officials and occupied Thai exodites in what has been called the New Wat Arun Compromise (NWAC). The new government will be directed by the National Defense Committee for a period of five years during which a new government will be determined. Voting will determine whether the new state will be a parliamentary constitutional elective monarchy, or a parliamentary republic with a president to act as secular head of state.	https://forums.spacebattles.com/threads/ruins-of-alien-stars-2750-year-3.861199/post-69030091
Aldebaran	2748.9	The All-State Conference		The Sultan of Aldebaran calls for an All-State Conference to decide the Verge's collective response to the Burning of Praetoria	https://forums.spacebattles.com/threads/ruins-of-alien-stars-2750-year-3.861199/post-69030092
RDSU-227	2749	Enemy Unknown		A UN Taskforce encounters alien stealth vessels in the system RDSU-227	https://forums.spacebattles.com/threads/ruins-of-alien-stars-2750-year-3.861199/post-69315892
Sutakure	2749	Sutukare Colonised		The PSA establishes the Kedah SAR on Sutukare, raising eyebrows in Eisenhower	https://forums.spacebattles.com/threads/ruins-of-alien-stars-2750-year-3.861199/post-69329818
RDSU-955	2749	Battle		Task Force Umbra defeats an alien carrier craft in  RDSU-955.	https://forums.spacebattles.com/threads/ruins-of-alien-stars-2750-year-3.861199/post-69369424
Old Stockton	2749	Police Action		The Tyran Starhold deploys a squadron of star cruisers to "stabilise" Old Stockton, while continuing their armamet program.	https://forums.spacebattles.com/threads/ruins-of-alien-stars-2750-year-3.861199/post-69490762
Atreus	2749	Rising Power		Disrupted system of Atreus with generous loans from several Core Banks is starting to organize itself around a central authority of the largest station there under the newly self proclaimed Strageos Iskander.	https://forums.spacebattles.com/threads/ruins-of-alien-stars-2750-year-3.861199/post-69490762
Bonus	2749	Enemy Unknown		PSA fleet elements discover an alien battleship guarding an underground complex.	https://forums.spacebattles.com/threads/ruins-of-alien-stars-2750-year-3.861199/post-69534502
TORT-14	2749	Blockade Battle		Open war breaks out between the League of Independent Fleets and Pragmatic League over the blockade of Outer Oblivia.	https://forums.spacebattles.com/threads/ruins-of-alien-stars-2750-year-3.861199/post-69586882
Sutakure	2749	Operation Unthinkable		The Ceberus Group steal the newly finished ship Tacitus from the Buckriders	https://forums.spacebattles.com/threads/ruins-of-alien-stars-2750-year-3.861199/post-69606682
Albatross	2749	Peace Breaks Out		The Pragmatic League signs a peace treaty with the LIF: effectively conceding the war	https://forums.spacebattles.com/threads/ruins-of-alien-stars-2750-year-3.861199/post-69764526
TORT-14	2749	Blockade Run Fails		The Asceancy Expeditionary Fleet is destroyed after attempting to bypass the blockade. They had fled to Albatross after the battle, but had to leave after the Pragmatic League signed a separate peace.	https://forums.spacebattles.com/threads/ruins-of-alien-stars-2750-year-3.861199/post-69862239
Real	2749	Social Foundation of Xenotechnology		Real Union proposes to the nations of Larnax, Eisenhower as well as the involved UN taskforces the creation of a joint research body to pour over the findings. The proposed 'Social Foundation of Xenotechnology' [SFX], would be a voluntary association with primary facilities at Larnax and Real, who have both large contingents of well-established xenologists.	https://forums.spacebattles.com/threads/ruins-of-alien-stars-2750-year-3.861199/post-69865440
Aldebaran	2749	Assembly of the Verge Founded		The All-States Congress announces the formation of the Assembly of the Verge: a Verge-led equivalent of the UN	https://forums.spacebattles.com/threads/ruins-of-alien-stars-2750-year-3.861199/post-70017153
Sol	2749	Treaty of Paris Revised		The UN revises the Treaty of Paris	https://forums.spacebattles.com/threads/ruins-of-alien-stars-2750-year-3.861199/post-70018827
Outer Oblivia	2749	The Battle of Outer Oblivia		League of Independent Fleets (LIF) and Republic of Oblivia (RoO) launched an all out assault on the home planet of the Ascendancy of Outer Oblivia. Following a brutal pair of engagements they successfully defeated the Ascendancy fleet in it's entirety.	https://forums.spacebattles.com/threads/ruins-of-alien-stars-2750-year-3.861199/post-70026597
Atreus	2749	Knives in the dark		Mycore launches a suprise attack on the Neo-Hellenistic Empire, destroying their navy.	https://forums.spacebattles.com/threads/ruins-of-alien-stars-2750-year-3.861199/post-70133339
Cyran	2749	Battle of Cyran		Unflagged combatants ambush a UN Taskforce	https://forums.spacebattles.com/threads/ruins-of-alien-stars-2750-year-3.861199/post-70164044
Cyran	2749	Sons of the Verge Founded		The attackers at Cyran reveal themselves as the Sons of the Verge: a new terrorist group that opposes the UN. They quickly act as a focussing point for anti-UN sentiment in a dozen verge states.	https://forums.spacebattles.com/threads/ruins-of-alien-stars-2750-year-3.861199/post-70178699
Cyran	2749	Cyran Syndrome		The disease that ravaged the planet Cyran (official status: Disrupted), referred to here as Cyran Syndrome and colloquially known as the Cyran Plague for years was poorly understood until a formal UN factfinding mission lead by the 2nd Fleet made way to the planet. The Sigirannus Research Complex, perfectly preserved against the ravages of time by the fallen government's final contingency, held the answer.	https://forums.spacebattles.com/threads/ruins-of-alien-stars-2750-year-3.861199/post-70179674
Sutakure	2750	Operation Lazy Pyre		The Golden Lions launch investigative probes in Sutukare's supervolcano to better understand the cause of the planet's woes.	https://forums.spacebattles.com/threads/ruins-of-alien-stars-2750-year-3.861199/post-70249367
New California	2750	Dark Fate		An ISA supercarrier begins making its way out into the Verge	https://forums.spacebattles.com/threads/ruins-of-alien-stars-2750-year-3.861199/post-70338302
Bonus	2750	Faction awoken: Successors		The PSA discover the cyro-facilities of The Successors, a humanoid species that has a long history with humanity	https://forums.spacebattles.com/threads/ruins-of-alien-stars-2750-year-3.861199/post-70342442
Outer Oblivia	2750	The Artan Accusation		In breaking news it has been revealed by the League of Independent Fleets that High Admiral Buckner supposedly accepted a bribe to move Task Force Tribune away from Outer Oblivia in order to enable their invasion. The context for this release of information is currently unclear and the exact veracity of it difficult to ascertain. Galactic analysts are split almost 50/50 on how convincing the paper trail the Artan's have published is.	https://forums.spacebattles.com/threads/ruins-of-alien-stars-2750-year-3.861199/post-70455029
Sutakure	2750	Operation Gheist		Task Force Serpent takes battle to terrorist elements on Sutakure	https://forums.spacebattles.com/threads/ruins-of-alien-stars-2750-year-3.861199/post-70461758
Sol	2750	Praetorian War Crimes Tribunals		In a major upset that has already drawn the ire of Verger commentators as well as progressive jurists within the EAF, no subordinates of Taskforces Ajakes or Marduk have been found guilty of war crimes in the highest court of international law at the Haguespol, in the western Holy Russian Federation.	https://forums.spacebattles.com/threads/ruins-of-alien-stars-2750-year-3.861199/post-70464053
REM-135	2750	Battle		Task Force Umbra and the Mycore Receiverate catch up with VOID forces	https://forums.spacebattles.com/threads/ruins-of-alien-stars-2750-year-3.861199/post-70543409
Midgard	2749.9	The Midgard Debacle		The Praetorian Remnant ambushes a UN Taskforce in an enforcement action at Midgard.	https://forums.spacebattles.com/threads/ruins-of-alien-stars-2750-year-3.861199/post-70697627
Leitner's Second End	2750	Enemy Unknown		Task Force Haiye encounters a mysterious alien super-structure at the edge of the Leitner's Second End star system.	https://forums.spacebattles.com/threads/ruins-of-alien-stars-2750-year-3.861199/post-70706945